{
  "000568.SZ": {
    "7.11.1": 1251481171.92,
    "7.11.2": 23.377130717085144,
    "7.12.1": 104.9591609915393,
    "7.12.2": 86.80407376132598,
    "7.12.3": 156.12864320186043,
    "7.13.1": 19.003847442136852,
    "7.13.2": 53.145880149939195,
    "7.14.1": 12.325685907625026,
    "7.14.2": 0.0,
    "7.21.1": 104.44504601173143,
    "7.22.1": 1307110085.84,
    "7.22.2": 145728924.16,
    "7.22.3": 0.0,
    "7.22.4": 1803112986.57,
    "7.23.1": 38.70066953293677,
    "7.24.1": 16.34386370721006,
    "7.24.2": 70.0,
    "7.25.1": 0.0,
    "7.25.2": 0.0,
    "7.31.1": 88.63611670923231,
    "7.31.2": 15.59759467577822,
    "7.32.1": 0.0,
    "7.32.2": -20.205670500682768,
    "7.33.1": 0.0,
    "7.41.1": 0.0,
    "7.42.1": 0.0,
    "7.42.2": 26.099284422459696,
    "7.51.1": 18.115621525043267,
    "7.52.1": 0.0
  },
  "000596.SZ": {
    "7.11.1": 678990860.5000004,
    "7.11.2": 14.599266839653028,
    "7.12.1": 87.54804512945543,
    "7.12.2": 85.02560743277448,
    "7.12.3": 152.77874235154832,
    "7.13.1": 21.173740930410403,
    "7.13.2": 188.93281192802974,
    "7.14.1": 32.622668346866476,
    "7.14.2": 0.0,
    "7.21.1": 57.0691466457522,
    "7.22.1": 387494289.89,
    "7.22.2": 130655842.48,
    "7.22.3": 0.0,
    "7.22.4": 176260000.0,
    "7.23.1": 17.357222178257157,
    "7.24.1": 1.2799574361870214,
    "7.24.2": 70.0,
    "7.25.1": 0.0,
    "7.25.2": 0.0,
    "7.31.1": 91.88792187686204,
    "7.31.2": 28.0429312996443,
    "7.32.1": 0.0,
    "7.32.2": -26.774900078726088,
    "7.33.1": 0.0,
    "7.41.1": 0.0,
    "7.42.1": 0.0,
    "7.42.2": 17.40855282491732,
    "7.51.1": 28.559416782395036,
    "7.52.1": 0.0
  },
  "000799.SZ": {
    "7.11.1": -127255697.05000003,
    "7.11.2": -32.75713203055643,
    "7.12.1": 85.98031590827938,
    "7.12.2": 117.85231866200417,
    "7.12.3": 128.83844921477535,
    "7.13.1": -12.079812870904126,
    "7.13.2": -105.32062847397552,
    "7.14.1": 30.36451502588554,
    "7.14.2": 0.0,
    "7.21.1": 51.591898391947076,
    "7.22.1": -65653629.92,
    "7.22.2": 35123693.71,
    "7.22.3": 0.0,
    "7.22.4": 873250.0,
    "7.23.1": -15.50826026258487,
    "7.24.1": 16.356328857969977,
    "7.24.2": 70.0,
    "7.25.1": 0.0,
    "7.25.2": 0.0,
    "7.31.1": 83.84637114232052,
    "7.31.2": 70.53860631431102,
    "7.32.1": 0.0,
    "7.32.2": 60.45282740440692,
    "7.33.1": 0.0,
    "7.41.1": 0.0,
    "7.42.1": 0.0,
    "7.42.2": -23.715874947918852,
    "7.51.1": -11.686602679503519,
    "7.52.1": 0.0
  },
  "000858.SZ": {
    "7.11.1": 8024075290.8,
    "7.11.2": 38.18898471342932,
    "7.12.1": 99.89634376656805,
    "7.12.2": 98.73035061936396,
    "7.12.3": 139.43126511526611,
    "7.13.1": 34.57992051055109,
    "7.13.2": 71.70080493106028,
    "7.14.1": 13.971921986108057,
    "7.14.2": 0.0,
    "7.21.1": 9.902270561331957,
    "7.22.1": 794565645.34,
    "7.22.2": 615601722.93,
    "7.22.3": 0.0,
    "7.22.4": 2995275619.56,
    "7.23.1": 13.077568814911492,
    "7.24.1": 0.0767871324321248,
    "7.24.2": 70.0,
    "7.25.1": 0.0,
    "7.25.2": 0.0,
    "7.31.1": 89.87549415005759,
    "7.31.2": 10.233324193223716,
    "7.32.1": 0.0,
    "7.32.2": -17.55705240245112,
    "7.33.1": 0.0,
    "7.41.1": 0.0,
    "7.42.1": 0.0,
    "7.42.2": 41.11881823748523,
    "7.51.1": 29.596040029540926,
    "7.52.1": 0.0
  },
  "002304.SZ": {
    "7.11.1": 5994242991.350001,
    "7.11.2": 40.854384301097696,
    "7.12.1": 99.74592735999298,
    "7.12.2": 98.319472731376,
    "7.12.3": 135.6013961426448,
    "7.13.1": 41.68788291644484,
    "7.13.2": 275.7906446777004,
    "7.14.1": 35.93232026839028,
    "7.14.2": 0.0,
    "7.21.1": 45.2401435189276,
    "7.22.1": 2711804132.16,
    "7.22.2": 446642452.74,
    "7.22.3": 0.0,
    "7.22.4": 2243411083.39,
    "7.23.1": 30.035648922338925,
    "7.24.1": 0.6298696181400005,
    "7.24.2": 70.0,
    "7.25.1": 0.0,
    "7.25.2": 0.0,
    "7.31.1": 96.24085391888522,
    "7.31.2": 7.820465118637511,
    "7.32.1": 0.0008851326584855109,
    "7.32.2": -36.45318519066423,
    "7.33.1": 0.0,
    "7.41.1": 0.0,
    "7.42.1": 0.0,
    "7.42.2": 43.898522224060876,
    "7.51.1": 45.704010283349575,
    "7.52.1": 0.0
  },
  "600519.SH": {
    "7.11.1": 22159604570.89,
    "7.11.2": 68.78187775324098,
    "7.12.1": 100.25621584638027,
    "7.12.2": 99.56569834357538,
    "7.12.3": 144.62324785373585,
    "7.13.1": 67.27961073473517,
    "7.13.2": 159.9352627861789,
    "7.14.1": 26.384273235668886,
    "7.14.2": 0.0,
    "7.21.1": 57.00698492244186,
    "7.22.1": 12632522436.6,
    "7.22.2": 675349786.98,
    "7.22.3": 0.0,
    "7.22.4": 5121609336.33,
    "7.23.1": 119.60787411745821,
    "7.24.1": 0.001952859215585811,
    "7.24.2": 70.0,
    "7.25.1": 0.0,
    "7.25.2": 0.0,
    "7.31.1": 95.26192214573743,
    "7.31.2": 3.82092223310822,
    "7.32.1": 0.0,
    "7.32.2": -257.09396061872764,
    "7.33.1": 0.0,
    "7.41.1": 0.0,
    "7.42.1": 0.0,
    "7.42.2": 70.8781167154541,
    "7.51.1": 57.4571914847828,
    "7.52.1": 0.0
  },
  "600702.SH": {
    "7.11.1": 14496205.14,
    "7.11.2": 1.003209208260508,
    "7.12.1": 45.04826380961718,
    "7.12.2": 57.745280591900936,
    "7.12.3": 416.19818069014985,
    "7.13.1": 0.7880865303051546,
    "7.13.2": 10.145878985022742,
    "7.14.1": 23.410785528146665,
    "7.14.2": 0.0,
    "7.21.1": -1020.7818180751821,
    "7.22.1": -147974626.38,
    "7.22.2": 47758720.33,
    "7.22.3": 0.0,
    "7.22.4": 41288124.81,
    "7.23.1": -10.323437333741714,
    "7.24.1": 10.941874750539023,
    "7.24.2": 70.0,
    "7.25.1": 0.0,
    "7.25.2": 0.0,
    "7.31.1": 90.83133881920463,
    "7.31.2": 30.89592647611637,
    "7.32.1": 0.0,
    "7.32.2": 0.7981026265335343,
    "7.33.1": 0.0,
    "7.41.1": 0.0,
    "7.42.1": 0.0,
    "7.42.2": 4.308349246434273,
    "7.51.1": 1.1925760162070067,
    "7.52.1": 0.0
  },
  "600779.SH": {
    "7.11.1": -245519398.54,
    "7.11.2": -67.28982994613142,
    "7.12.1": 79.85724272023003,
    "7.12.2": 108.18693108248645,
    "7.12.3": 70.55059004961697,
    "7.13.1": -30.27080399361239,
    "7.13.2": -453.42534213470805,
    "7.14.1": 35.73570911491491,
    "7.14.2": 0.0,
    "7.21.1": 43.12782806151624,
    "7.22.1": -105887184.06,
    "7.22.2": 32284701.02,
    "7.22.3": 0.0,
    "7.22.4": 8797890.74,
    "7.23.1": -24.69651171036817,
    "7.24.1": 25.2234570010608,
    "7.24.2": 70.0,
    "7.25.1": 0.0,
    "7.25.2": 0.0,
    "7.31.1": 69.882886741287,
    "7.31.2": 54.74524970210805,
    "7.32.1": 0.0,
    "7.32.2": 198.46677859461371,
    "7.33.1": 0.0,
    "7.41.1": 0.0,
    "7.42.1": 0.0,
    "7.42.2": -58.44151875599316,
    "7.51.1": -67.50565885862595,
    "7.52.1": 0.0
  },
  "600809.SH": {
    "7.11.1": 507862486.6200003,
    "7.11.2": 12.968686154478332,
    "7.12.1": 99.80860406004861,
    "7.12.2": 95.86534079598462,
    "7.12.3": 149.1975246174279,
    "7.13.1": 17.55456448325435,
    "7.13.2": 134.26690169629666,
    "7.14.1": 30.459589867459563,
    "7.14.2": 0.0,
    "7.21.1": 81.96339767884069,
    "7.22.1": 416261349.57,
    "7.22.2": 66341938.86,
    "7.22.3": 0.0,
    "7.22.4": 313249783.83,
    "7.23.1": 22.495836307790103,
    "7.24.1": 0.18949825894900024,
    "7.24.2": 70.0,
    "7.25.1": 0.0,
    "7.25.2": 0.0,
    "7.31.1": 83.81409157613372,
    "7.31.2": 19.126092776768022,
    "7.32.1": 0.0,
    "7.32.2": -44.46438787594584,
    "7.33.1": 0.0,
    "7.41.1": 0.0,
    "7.42.1": 0.0,
    "7.42.2": 14.662782108839862,
    "7.51.1": 18.28216355878465,
    "7.52.1": 0.0
  },
  "603369.SH": {
    "7.11.1": 848127843.4,
    "7.11.2": 35.34252130092699,
    "7.12.1": 99.97808658262997,
    "7.12.2": 99.11751051730803,
    "7.12.3": 132.56439612428017,
    "7.13.1": 37.68839493473754,